"sp","Latin","Genus","Species","Family","SpeciesID","Authority","IDLevel","syn","subsp"
"acne","Acer negundo","Acer","negundo","Sapindaceae",1,"","species",NA,NA
"acpl","Acer platanoides","Acer","platanoides","Sapindaceae",2,"","species",NA,NA
"acru","Acer rubrum","Acer","rubrum","Sapindaceae",3,"","species",NA,NA
"acsp","Acer sp","Acer","sp","Sapindaceae",4,"","Multiple",NA,NA
"aial","Ailanthus altissima","Ailanthus","altissima","Simaroubaceae",5,"","species",NA,NA
"amar","Amelanchier arborea","Amelanchier","arborea","Rosaceae",6,"","species",NA,NA
"astr","Asimina triloba","Asimina","triloba","Annonaceae",7,"","species",NA,NA
"beth","Berberis thunbergii","Berberis","thunbergii","Berberidaceae",8,"","species",NA,NA
"caca","Carpinus caroliniana","Carpinus","caroliniana","Betulaceae",9,"","species",NA,NA
"caco","Carya cordiformis","Carya","cordiformis","Juglandaceae",10,"","species",NA,NA
"cade","Castanea dentata","Castanea","dentata","Fagaceae",11,"","species",NA,NA
"cagl","Carya glabra","Carya","glabra","Juglandaceae",12,"","species",NA,NA
"caovl","Carya ovalis","Carya","ovalis","Juglandaceae",13,"","species",NA,NA
"casp","Carya sp","Carya","sp","Juglandaceae",14,"","Multiple",NA,NA
"cato","Carya tomentosa","Carya","tomentosa","Juglandaceae",15,"","species",NA,NA
"ceca","Cercis canadensis","Cercis","canadensis","Fabaceae",16,"","species",NA,NA
"ceoc","Celtis occidentalis","Celtis","occidentalis","Cannabaceae",17,"","species",NA,NA
"chvi","Chionanthus virginicus","Chionanthus","virginicus","Oleaceae",18,"","species",NA,NA
"coal","Cornus alternifolia","Cornus","alternifolia","Cornaceae",19,"","species",NA,NA
"coam","Corylus americana","Corylus","americana","Betulaceae",20,"","species",NA,NA
"cofl","Cornus florida","Cornus","florida","Cornaceae",21,"","species",NA,NA
"crpr","Crataegus pruinosa","Crataegus","pruinosa","Rosaceae",22,"","species",NA,NA
"crsp","Crataegus sp","Crataegus","sp","Rosaceae",23,"","Multiple",NA,NA
"divi","Diospyros virginiana","Diospyros","virginiana","Ebenaceae",24,"","species",NA,NA
"elum","Elaeagnus umbellata","Elaeagnus","umbellata","Elaeagnaceae",25,"","species",NA,NA
"eual","Euonymus alatus","Euonymus","alatus","Celastraceae",72,"(Thunb.) Siebold","species",NA,NA
"fagr","Fagus grandifolia","Fagus","grandifolia","Fagaceae",26,"","species",NA,NA
"fram","Fraxinus americana","Fraxinus","americana","Oleaceae",27,"","species",NA,NA
"frni","Fraxinus nigra","Fraxinus","nigra","Oleaceae",28,"","species",NA,NA
"frpe","Fraxinus pennsylvanica","Fraxinus","pennsylvanica","Oleaceae",29,"","species",NA,NA
"frsp","Fraxinus sp","Fraxinus","sp","Oleaceae",30,"","Multiple",NA,NA
"havi","Hamamelis virginiana","Hamamelis","virginiana","Hamamelidaceae",31,"","species",NA,NA
"ilve","Ilex verticillata","Ilex","verticillata","Aquifoliaceae",32,"","species",NA,NA
"juci","Juglans cinerea","Juglans","cinerea","Juglandaceae",33,"","species",NA,NA
"juni","Juglans nigra","Juglans","nigra","Juglandaceae",34,"","species",NA,NA
"juvi","Juniperus virginiana","Juniperus","virginiana","Cupressaceae",35,"","species",NA,NA
"libe","Lindera benzoin","Lindera","benzoin","Lauraceae",36,"","species",NA,NA
"litu","Liriodendron tulipifera","Liriodendron","tulipifera","Magnoliaceae",37,"","species",NA,NA
"loma","Lonicera maackii","Lonicera","maackii","Caprifoliaceae",38,"","species",NA,NA
"nysy","Nyssa sylvatica","Nyssa","sylvatica","Nyssaceae",39,"","species",NA,NA
"pato","Paulownia tomentosa","Paulownia","tomentosa","Paulowniaceae",40,"","species",NA,NA
"pipu","Pinus pungens","Pinus","pungens","Pinaceae",41,"","species",NA,NA
"pist","Pinus strobus","Pinus","strobus","Pinaceae",42,"","species",NA,NA
"pivi","Pinus virginiana","Pinus","virginiana","Pinaceae",43,"","species",NA,NA
"ploc","Platanus occidentalis","Platanus","occidentalis","Platanaceae",44,"","species",NA,NA
"prav","Prunus avium","Prunus","avium","Rosaceae",45,"","species",NA,NA
"prpe","Prunus persica","Prunus","persica","Rosaceae",46,"","species",NA,NA
"prse","Prunus serotina","Prunus","serotina","Rosaceae",47,"","species",NA,NA
"prsp","Prunus sp","Prunus","sp","Rosaceae",48,"","Multiple",NA,NA
"qual","Quercus alba","Quercus","alba","Fagaceae",49,"","species",NA,NA
"quco","Quercus coccinea","Quercus","coccinea","Fagaceae",50,"","species",NA,NA
"qufa","Quercus falcata","Quercus","falcata","Fagaceae",51,"","species",NA,NA
"qumi","Quercus michauxii","Quercus","michauxii","Fagaceae",52,"","species",NA,NA
"qumu","Quercus muehlenbergii","Quercus","muehlenbergii","Fagaceae",53,"","species",NA,NA
"qupr","Quercus prinus","Quercus","prinus","Fagaceae",54,"","species",NA,NA
"quru","Quercus rubra","Quercus","rubra","Fagaceae",55,"","species",NA,NA
"qusp","Quercus sp","Quercus","sp","Fagaceae",56,"","Multiple",NA,NA
"quve","Quercus velutina","Quercus","velutina","Fagaceae",57,"","species",NA,NA
"romu","Rosa multiflora","Rosa","multiflora","Rosaceae",58,"","species",NA,NA
"rops","Robinia pseudoacacia","Robinia","pseudoacacia","Fabaceae",59,"","species",NA,NA
"rual","Rubus allegheniensis","Rubus","allegheniensis","Rosaceae",60,"","species",NA,NA
"rupe","Rubus pensilvanicus","Rubus","pensilvanicus","Rosaceae",61,"","species",NA,NA
"ruph","Rubus phoenicolasius","Rubus","phoenicolasius","Rosaceae",62,"","species",NA,NA
"saal","Sassafras albidum","Sassafras","albidum","Lauraceae",63,"","species",NA,NA
"saca","Sambucus canadensis","Sambucus","canadensis","Adoxaceae",64,"","species",NA,NA
"tiam","Tilia americana","Tilia","americana","Malvaceae",65,"","species",NA,NA
"ulam","Ulmus americana","Ulmus","americana","Ulmaceae",66,"","species",NA,NA
"ulru","Ulmus rubra","Ulmus","rubra","Ulmaceae",67,"","species",NA,NA
"ulsp","Ulmus sp","Ulmus","sp","Ulmaceae",68,"","Multiple",NA,NA
"unk","Unidentified unk","Unidentified","unk","Unknown",69,"","multiple",NA,NA
"viac","Viburnum acerifolium","Viburnum","acerifolium","Adoxaceae",73,"L.","species",NA,NA
"vipr","Viburnum prunifolium","Viburnum","prunifolium","Adoxaceae",70,"","species",NA,NA
"vire","Viburnum recognitum","Viburnum","recognitum","Adoxaceae",71,"","species",NA,NA
